nombre	"printf(""%.6f""	cantidad/118863.0)"
agustin	0.037001
mateo	0.034544
benjamin	0.031187
vicente	0.027073
joaquin	0.026871
martin	0.024608
matias	0.024145
maximiliano	0.022034
tomas	0.021807
alonso	0.021605
cristobal	0.019518
lucas	0.018181
gaspar	0.016330
jose	0.015337
maximo	0.013890
santiago	0.013595
nicolas	0.013427
sebastian	0.013410
diego	0.012014
renato	0.011122
gabriel	0.011072
felipe	0.011030
juan	0.010836
bruno	0.010365
leon	0.010020
julian	0.009911
luciano	0.009195
ignacio	0.009137
emiliano	0.008968
facundo	0.008943
bastian	0.008884
simon	0.008581
amaro	0.007984
francisco	0.007504
javier	0.007370
daniel	0.007168
franco	0.007109
damian	0.006638
emilio	0.006108
angel	0.006091
luis	0.006007
pedro	0.005990
dante	0.005931
thomas	0.005889
rafael	0.005620
ian	0.005477
gustavo	0.005107
carlos	0.005073
fernando	0.005039
david	0.004947
cristian	0.004737
pablo	0.004644
jorge	0.004459
mariano	0.004375
alexander	0.004333
dylan	0.004232
esteban	0.004148
aaron	0.003946
manuel	0.003862
valentin	0.003845
gael	0.003685
samuel	0.003660
victor	0.003626
alejandro	0.003441
rodrigo	0.003390
eduardo	0.003281
elias	0.003281
fabian	0.003121
clemente	0.003088
miguel	0.003054
alvaro	0.003037
isaac	0.003020
salvador	0.002970
leonardo	0.002936
andres	0.002928
leandro	0.002835
camilo	0.002810
baltazar	0.002642
santino	0.002625
liam	0.002499
gonzalo	0.002330
elian	0.002322
augusto	0.002255
cristopher	0.002246
ricardo	0.002095
sergio	0.002086
josue	0.002070
matteo	0.002061
jean	0.002053
alexis	0.002028
demian	0.002011
borja	0.001927
mathias	0.001918
isaias	0.001893
claudio	0.001868
lorenzo	0.001868
guillermo	0.001826
jesus	0.001784
oscar	0.001775
thiago	0.001767
marcelo	0.001758
kevin	0.001733
arturo	0.001725
alan	0.001699
mauricio	0.001683
alfonso	0.001666
lukas	0.001624
alex	0.001607
hector	0.001598
christopher	0.001582
antonio	0.001573
patricio	0.001506
roberto	0.001464
cesar	0.001380
oliver	0.001371
ezequiel	0.001363
ismael	0.001363
raimundo	0.001363
ivan	0.001321
jeremias	0.001304
valentino	0.001287
marco	0.001262
christian	0.001237
anibal	0.001220
nahuel	0.001186
anthony	0.001178
jordan	0.001178
mario	0.001169
pascual	0.001169
axel	0.001161
matheo	0.001144
max	0.001144
amaru	0.001111
gaston	0.001102
domingo	0.001094
jonathan	0.001094
raul	0.001094
moises	0.001077
dario	0.001052
dilan	0.001026
iker	0.000993
lautaro	0.000984
stefano	0.000984
lian	0.000976
jaime	0.000968
emanuel	0.000959
ethan	0.000942
angelo	0.000925
ariel	0.000917
noah	0.000917
milan	0.000892
octavio	0.000875
abraham	0.000841
piero	0.000824
hans	0.000816
erick	0.000808
hugo	0.000799
marcos	0.000791
cristofer	0.000774
jeremy	0.000757
leonel	0.000749
williams	0.000749
emmanuel	0.000715
eithan	0.000698
eydan	0.000698
william	0.000698
enzo	0.000681
eidan	0.000665
paolo	0.000665
adolfo	0.000648
exequiel	0.000639
joseph	0.000639
omar	0.000639
austin	0.000631
johan	0.000631
milovan	0.000606
felix	0.000597
mauro	0.000589
joel	0.000581
lionel	0.000581
jacob	0.000572
lyan	0.000564
baltasar	0.000555
jhon	0.000555
"iñaki"	0.000547
roman	0.000547
giovanni	0.000538
edward	0.000530
hernan	0.000522
ruben	0.000522
enrique	0.000513
joshua	0.000513
julio	0.000513
derek	0.000505
danilo	0.000488
israel	0.000488
misael	0.000488
bautista	0.000480
leonidas	0.000480
tahiel	0.000480
brayan	0.000471
brandon	0.000463
edgar	0.000463
john	0.000463
steven	0.000463
nicanor	0.000454
aron	0.000446
adrian	0.000429
evans	0.000429
federico	0.000429
german	0.000421
nelson	0.000421
samir	0.000421
alberto	0.000404
alfredo	0.000404
michael	0.000404
paulo	0.000404
richard	0.000404
bernardo	0.000395
efrain	0.000395
nehemias	0.000395
rodolfo	0.000395
abdiel	0.000387
bryan	0.000387
james	0.000387
rene	0.000387
gerardo	0.000379
teo	0.000379
edison	0.000370
evan	0.000370
andy	0.000362
bayron	0.000362
beltran	0.000362
said	0.000362
tobias	0.000362
antu	0.000353
inti	0.000353
patrick	0.000353
jairo	0.000345
dariel	0.000337
theo	0.000337
andrew	0.000320
boris	0.000320
estefano	0.000320
ihan	0.000311
amir	0.000303
joan	0.000303
didier	0.000294
esai	0.000294
luca	0.000294
adiel	0.000286
alen	0.000286
anthuan	0.000286
eric	0.000286
josias	0.000286
osvaldo	0.000286
antuan	0.000278
andre	0.000269
aquiles	0.000269
caleb	0.000269
dorian	0.000269
jadiel	0.000269
yahir	0.000269
franko	0.000261
ramiro	0.000261
eluney	0.000252
emerson	0.000252
maikol	0.000252
saul	0.000252
abel	0.000244
gianfranco	0.000244
teodoro	0.000244
wladimir	0.000244
ernesto	0.000236
eythan	0.000236
lucciano	0.000236
maicol	0.000236
vincent	0.000236
walter	0.000236
yoel	0.000236
alessandro	0.000227
alonzo	0.000227
juaquin	0.000227
luan	0.000227
nataniel	0.000227
tristan	0.000227
adriel	0.000219
anderson	0.000219
byron	0.000219
izan	0.000219
jeronimo	0.000219
cristhian	0.000210
edwin	0.000210
isai	0.000210
"iñigo"	0.000210
karim	0.000210
lyam	0.000210
robert	0.000210
ulises	0.000210
dereck	0.000202
eliam	0.000202
giuliano	0.000202
italo	0.000202
jefferson	0.000202
logan	0.000202
lucio	0.000202
orlando	0.000202
paul	0.000202
vladimir	0.000202
emir	0.000194
ithan	0.000194
nathan	0.000194
ronald	0.000194
aukan	0.000185
gerald	0.000185
jhoan	0.000185
nathaniel	0.000185
yadiel	0.000185
yair	0.000185
yamir	0.000185
adriano	0.000177
brian	0.000177
oseias	0.000177
renzo	0.000177
stephano	0.000177
adam	0.000168
ander	0.000168
eder	0.000168
fabio	0.000168
henry	0.000168
kurt	0.000168
natanael	0.000168
santi	0.000168
silvestre	0.000168
adan	0.000160
benyamin	0.000160
chris	0.000160
cristhofer	0.000160
darien	0.000160
erik	0.000160
francesco	0.000160
frank	0.000160
freddy	0.000160
gadiel	0.000160
jair	0.000160
jared	0.000160
jordano	0.000160
neithan	0.000160
nestor	0.000160
noel	0.000160
osman	0.000160
ostin	0.000160
robinson	0.000160
roque	0.000160
salomon	0.000160
yohan	0.000160
aldo	0.000151
antoine	0.000151
antony	0.000151
ehitan	0.000151
eloy	0.000151
esay	0.000151
farid	0.000151
gianluca	0.000151
maximilian	0.000151
newen	0.000151
rolando	0.000151
tadeo	0.000151
yuliano	0.000151
aidan	0.000143
eliseo	0.000143
fabricio	0.000143
harold	0.000143
josetomas	0.000143
xavier	0.000143
yordan	0.000143
alain	0.000135
bairon	0.000135
branco	0.000135
darwin	0.000135
dennis	0.000135
denzel	0.000135
dominic	0.000135
eitan	0.000135
eleazar	0.000135
elliot	0.000135
gary	0.000135
ibrahim	0.000135
jimmy	0.000135
justin	0.000135
maikel	0.000135
roger	0.000135
vittorio	0.000135
allan	0.000126
balthazar	0.000126
benicio	0.000126
dastan	0.000126
fidel	0.000126
gahel	0.000126
giovanny	0.000126
guido	0.000126
joao	0.000126
jonas	0.000126
juliano	0.000126
kilian	0.000126
nikolas	0.000126
danny	0.000118
eliezer	0.000118
gian	0.000118
gregorio	0.000118
itan	0.000118
jampier	0.000118
milton	0.000118
santos	0.000118
tiago	0.000118
zamir	0.000118
abner	0.000109
adonis	0.000109
apolo	0.000109
constantino	0.000109
crescente	0.000109
gerard	0.000109
gerson	0.000109
gino	0.000109
johans	0.000109
juanjose	0.000109
leo	0.000109
maykol	0.000109
pangal	0.000109
pascal	0.000109
raphael	0.000109
vasco	0.000109
wilson	0.000109
zaid	0.000109
abdias	0.000101
aiden	0.000101
amador	0.000101
ankatu	0.000101
benito	0.000101
braulio	0.000101
carlo	0.000101
charles	0.000101
darkiel	0.000101
dayron	0.000101
deivid	0.000101
deylan	0.000101
eduard	0.000101
edwards	0.000101
enoc	0.000101
erwin	0.000101
ferran	0.000101
flavio	0.000101
massimo	0.000101
reinaldo	0.000101
uriel	0.000101
uziel	0.000101
yonathan	0.000101
yulian	0.000101
allen	0.000093
ayun	0.000093
basthian	0.000093
branko	0.000093
domenico	0.000093
edgard	0.000093
elier	0.000093
giordano	0.000093
horacio	0.000093
jack	0.000093
jhoel	0.000093
jhordan	0.000093
kai	0.000093
kenneth	0.000093
lucca	0.000093
lucian	0.000093
luka	0.000093
matthew	0.000093
matthias	0.000093
maxi	0.000093
maykel	0.000093
nathanael	0.000093
neftali	0.000093
nikola	0.000093
ramon	0.000093
ramses	0.000093
tommy	0.000093
vincenzo	0.000093
yeiko	0.000093
yeremi	0.000093
zahir	0.000093
alexsander	0.000084
anyelo	0.000084
aydan	0.000084
donovan	0.000084
edinson	0.000084
fredy	0.000084
giancarlo	0.000084
jacobo	0.000084
jhonatan	0.000084
johann	0.000084
magdiel	0.000084
marlon	0.000084
mattias	0.000084
mirko	0.000084
nahum	0.000084
nehuen	0.000084
neythan	0.000084
renatto	0.000084
rocco	0.000084
yeremy	0.000084
yerko	0.000084
yojan	0.000084
anton	0.000076
aramis	0.000076
arthur	0.000076
christobal	0.000076
cristofher	0.000076
damir	0.000076
elyan	0.000076
fabiano	0.000076
genaro	0.000076
giorgio	0.000076
haziel	0.000076
jeanpierre	0.000076
jeison	0.000076
jhan	0.000076
johao	0.000076
jose-tomas	0.000076
luckas	0.000076
marck	0.000076
martino	0.000076
maycol	0.000076
michel	0.000076
miller	0.000076
nicholas	0.000076
owen	0.000076
philippe	0.000076
pierre	0.000076
ragnar	0.000076
rogelio	0.000076
steffano	0.000076
tayler	0.000076
yamil	0.000076
yan	0.000076
yosef	0.000076
albert	0.000067
ali	0.000067
bladimir	0.000067
boran	0.000067
borjan	0.000067
christofer	0.000067
cristiano	0.000067
dan	0.000067
dantte	0.000067
donato	0.000067
duban	0.000067
dyland	0.000067
eduar	0.000067
essai	0.000067
eydhan	0.000067
fabrizio	0.000067
jeferson	0.000067
jeicob	0.000067
jheremy	0.000067
jhonny	0.000067
jonatan	0.000067
keylor	0.000067
marcial	0.000067
marcus	0.000067
mark	0.000067
nawel	0.000067
oziel	0.000067
pietro	0.000067
rudy	0.000067
stefan	0.000067
stephan	0.000067
tiziano	0.000067
tyrone	0.000067
yaman	0.000067
yeral	0.000067
yoan	0.000067
agusthin	0.000059
alexandro	0.000059
aliwen	0.000059
antoni	0.000059
aylan	0.000059
cedric	0.000059
chriss	0.000059
darko	0.000059
dominick	0.000059
dominik	0.000059
edson	0.000059
eliab	0.000059
eliel	0.000059
elvis	0.000059
eros	0.000059
filippo	0.000059
geanfranco	0.000059
geronimo	0.000059
iam	0.000059
ilan	0.000059
ilian	0.000059
itiel	0.000059
jahir	0.000059
jean-pierre	0.000059
juanpablo	0.000059
kalen	0.000059
kenai	0.000059
kenny	0.000059
klaus	0.000059
lenin	0.000059
maickel	0.000059
maickol	0.000059
miguelangel	0.000059
mike	0.000059
miqueas	0.000059
raymond	0.000059
remigio	0.000059
ryan	0.000059
stiven	0.000059
uzziel	0.000059
yonatan	0.000059
zi	0.000059
abiel	0.000050
aitor	0.000050
aldair	0.000050
alexi	0.000050
anku	0.000050
arian	0.000050
armando	0.000050
armin	0.000050
aryan	0.000050
dairon	0.000050
dany	0.000050
dastyn	0.000050
davor	0.000050
duvan	0.000050
eber	0.000050
edgardo	0.000050
eidhan	0.000050
einar	0.000050
eliecer	0.000050
elioth	0.000050
faustino	0.000050
feliciano	0.000050
fermin	0.000050
francis	0.000050
gareth	0.000050
giovani	0.000050
hansel	0.000050
herman	0.000050
humberto	0.000050
ikal	0.000050
isaak	0.000050
issac	0.000050
jason	0.000050
joakin	0.000050
jocsan	0.000050
jordy	0.000050
joseluis	0.000050
kaled	0.000050
kenay	0.000050
lisandro	0.000050
luccas	0.000050
lucien	0.000050
marcel	0.000050
marvens	0.000050
massimiliano	0.000050
miloban	0.000050
nael	0.000050
naim	0.000050
neymar	0.000050
nickolas	0.000050
pelayo	0.000050
polo	0.000050
roberth	0.000050
santy	0.000050
segundo	0.000050
selim	0.000050
silvio	0.000050
stephen	0.000050
tayron	0.000050
waldo	0.000050
yael	0.000050
yeicob	0.000050
absalon	0.000042
adair	0.000042
aharon	0.000042
aliro	0.000042
anthonny	0.000042
augustin	0.000042
baruc	0.000042
bernabe	0.000042
brais	0.000042
brayden	0.000042
bruce	0.000042
ciro	0.000042
cristhoper	0.000042
dagoberto	0.000042
danthe	0.000042
deivi	0.000042
diddier	0.000042
dilaver	0.000042
dimitri	0.000042
diogo	0.000042
dustin	0.000042
ehidan	0.000042
ehytan	0.000042
eliot	0.000042
eliu	0.000042
etienne	0.000042
ever	0.000042
franchesco	0.000042
franck	0.000042
franklin	0.000042
george	0.000042
geovanny	0.000042
ghael	0.000042
giuseppe	0.000042
goran	0.000042
gregory	0.000042
ians	0.000042
jahaziel	0.000042
jayden	0.000042
jaziel	0.000042
jeanpier	0.000042
jeyden	0.000042
jhojan	0.000042
job	0.000042
jose-pablo	0.000042
jostin	0.000042
junior	0.000042
kenan	0.000042
kendall	0.000042
kristobal	0.000042
kristopher	0.000042
leftraru	0.000042
lincoyan	0.000042
mael	0.000042
marc	0.000042
marthin	0.000042
martyn	0.000042
matheus	0.000042
maximus	0.000042
muhammad	0.000042
natan	0.000042
niko	0.000042
nolan	0.000042
percy	0.000042
peter	0.000042
reimundo	0.000042
sahid	0.000042
stevens	0.000042
tyler	0.000042
viktor	0.000042
willians	0.000042
yann	0.000042
yerald	0.000042
yeray	0.000042
yerson	0.000042
adams	0.000034
alberth	0.000034
alexio	0.000034
alfred	0.000034
alihuen	0.000034
altair	0.000034
angello	0.000034
antay	0.000034
aryam	0.000034
aslan	0.000034
ayrton	0.000034
billy	0.000034
blas	0.000034
caetano	0.000034
castiel	0.000034
cayetano	0.000034
christoffer	0.000034
crhistopher	0.000034
cristhopher	0.000034
daniels	0.000034
darell	0.000034
daren	0.000034
darian	0.000034
dastin	0.000034
demyan	0.000034
denis	0.000034
derian	0.000034
dhylan	0.000034
dixon	0.000034
dreik	0.000034
edher	0.000034
edmundo	0.000034
edwar	0.000034
ehydan	0.000034
eidrian	0.000034
eliott	0.000034
essay	0.000034
eugenio	0.000034
exequel	0.000034
eyddan	0.000034
eytan	0.000034
fabrizzio	0.000034
fakundo	0.000034
fausto	0.000034
favio	0.000034
franz	0.000034
gamaliel	0.000034
gaspard	0.000034
giacomo	0.000034
glenn	0.000034
hardy	0.000034
iann	0.000034
isaack	0.000034
isrrael	0.000034
jaden	0.000034
jahdiel	0.000034
jeanpiere	0.000034
jerson	0.000034
jeshua	0.000034
jeycob	0.000034
jhean	0.000034
jhoseph	0.000034
jia	0.000034
juan-jose	0.000034
juan-pablo	0.000034
jun	0.000034
kefren	0.000034
kendrick	0.000034
kerim	0.000034
keydan	0.000034
killian	0.000034
kristofer	0.000034
lazaro	0.000034
leopoldo	0.000034
levi	0.000034
lhiam	0.000034
liang	0.000034
lientur	0.000034
lovensky	0.000034
luke	0.000034
lysander	0.000034
manu	0.000034
marko	0.000034
markus	0.000034
matia	0.000034
mattia	0.000034
mavens	0.000034
maxy	0.000034
mikel	0.000034
milenko	0.000034
milko	0.000034
milo	0.000034
mylan	0.000034
nahir	0.000034
nehuel	0.000034
nixon	0.000034
noa	0.000034
noe	0.000034
ociel	0.000034
olivier	0.000034
orion	0.000034
prince	0.000034
romeo	0.000034
ronaldo	0.000034
rood	0.000034
sammir	0.000034
sebasthian	0.000034
styven	0.000034
taylor	0.000034
thyago	0.000034
tupac	0.000034
vito	0.000034
yampier	0.000034
yariel	0.000034
yeison	0.000034
yohans	0.000034
yoshua	0.000034
yostin	0.000034
yu	0.000034
zair	0.000034
adolf	0.000025
adonai	0.000025
agustyn	0.000025
ahmed	0.000025
aleix	0.000025
alon	0.000025
alonsso	0.000025
alun	0.000025
amram	0.000025
andree	0.000025
andrews	0.000025
andrik	0.000025
anghelo	0.000025
anias	0.000025
antai	0.000025
antonel	0.000025
antwan	0.000025
arie	0.000025
ariki	0.000025
aritz	0.000025
arjen	0.000025
aroon	0.000025
asael	0.000025
asiel	0.000025
aucan	0.000025
august	0.000025
austyn	0.000025
ayran	0.000025
aziel	0.000025
benyhamin	0.000025
bosco	0.000025
bradley	0.000025
charlie	0.000025
crhistian	0.000025
cristhobal	0.000025
cristoffer	0.000025
dangelo	0.000025
darek	0.000025
daron	0.000025
davi	0.000025
davidson	0.000025
davis	0.000025
daylan	0.000025
deiby	0.000025
delian	0.000025
demir	0.000025
dencel	0.000025
denny	0.000025
derick	0.000025
diamond	0.000025
douglas	0.000025
drake	0.000025
dylam	0.000025
ebrain	0.000025
edan	0.000025
eddie	0.000025
eden	0.000025
edisson	0.000025
edrian	0.000025
edrick	0.000025
edu	0.000025
egon	0.000025
eli	0.000025
elio	0.000025
eliud	0.000025
elmer	0.000025
emil	0.000025
emilyano	0.000025
enki	0.000025
ennio	0.000025
erich	0.000025
ethian	0.000025
etian	0.000025
etiel	0.000025
evanz	0.000025
ezequias	0.000025
ezio	0.000025
gabino	0.000025
gavin	0.000025
gedeon	0.000025
gennaro	0.000025
geremias	0.000025
giovany	0.000025
giulian	0.000025
hanz	0.000025
harry	0.000025
haytham	0.000025
heber	0.000025
heidan	0.000025
iaan	0.000025
icker	0.000025
isack	0.000025
isay	0.000025
isidro	0.000025
izhan	0.000025
jael	0.000025
jakob	0.000025
jamin	0.000025
jasper	0.000025
jassiel	0.000025
jasson	0.000025
javid	0.000025
jeampierre	0.000025
jeanpaul	0.000025
jeans	0.000025
jeff	0.000025
jeffrey	0.000025
jeray	0.000025
jeremi	0.000025
jeremmy	0.000025
jerry	0.000025
jeyco	0.000025
jeyko	0.000025
jham	0.000025
jhans	0.000025
jhonn	0.000025
jhony	0.000025
jhosep	0.000025
jhostin	0.000025
jhosue	0.000025
jin	0.000025
joe	0.000025
johany	0.000025
johaquin	0.000025
johnn	0.000025
johnny	0.000025
joseignacio	0.000025
josemaria	0.000025
josepablo	0.000025
josethomas	0.000025
juancarlos	0.000025
jurgen	0.000025
kaleb	0.000025
karlos	0.000025
kenji	0.000025
kervens	0.000025
keyden	0.000025
kim	0.000025
kyle	0.000025
kylian	0.000025
kyllian	0.000025
lenny	0.000025
libko	0.000025
lifko	0.000025
likan	0.000025
lion	0.000025
louis	0.000025
luisfelipe	0.000025
luiz	0.000025
lyhan	0.000025
lyon	0.000025
maher	0.000025
maick	0.000025
maickoll	0.000025
maikell	0.000025
markos	0.000025
mathew	0.000025
matt	0.000025
mikael	0.000025
millan	0.000025
moise	0.000025
nahin	0.000025
nahual	0.000025
nain	0.000025
nawuel	0.000025
neizan	0.000025
neydan	0.000025
neytan	0.000025
niall	0.000025
norman	0.000025
novak	0.000025
obed	0.000025
otoniel	0.000025
paris	0.000025
pedropablo	0.000025
phillip	0.000025
phillips	0.000025
rainer	0.000025
ralph	0.000025
randy	0.000025
remy	0.000025
renan	0.000025
reymundo	0.000025
reynaldo	0.000025
robben	0.000025
robin	0.000025
rogger	0.000025
rohan	0.000025
romano	0.000025
ronal	0.000025
ronny	0.000025
sadrac	0.000025
salvatore	0.000025
sameer	0.000025
samin	0.000025
sandro	0.000025
sixto	0.000025
smith	0.000025
steban	0.000025
stefanno	0.000025
stefhano	0.000025
stevenson	0.000025
sthefano	0.000025
tarek	0.000025
toprak	0.000025
valente	0.000025
willy	0.000025
wilmer	0.000025
wood	0.000025
yago	0.000025
yanko	0.000025
yasir	0.000025
yasser	0.000025
yeferson	0.000025
yeidan	0.000025
yeiden	0.000025
yerco	0.000025
yeshua	0.000025
yhair	0.000025
yhon	0.000025
yordano	0.000025
yordy	0.000025
you	0.000025
yurem	0.000025
zacarias	0.000025
zayd	0.000025
abdel	0.000017
abimael	0.000017
abrahan	0.000017
adael	0.000017
ademir	0.000017
adexe	0.000017
adier	0.000017
adison	0.000017
adonais	0.000017
adonias	0.000017
agusto	0.000017
akin	0.000017
alcides	0.000017
aldahir	0.000017
alem	0.000017
alessander	0.000017
alessandre	0.000017
alessio	0.000017
alfonzo	0.000017
alhan	0.000017
alier	0.000017
alin	0.000017
aly	0.000017
amadeo	0.000017
amadiel	0.000017
amado	0.000017
ami	0.000017
ananias	0.000017
andersson	0.000017
andriu	0.000017
anguelo	0.000017
antonny	0.000017
antton	0.000017
anuar	0.000017
aquilez	0.000017
aram	0.000017
aren	0.000017
ares	0.000017
ari	0.000017
arien	0.000017
arion	0.000017
arjun	0.000017
arnaldo	0.000017
arun	0.000017
aruni	0.000017
ary	0.000017
aryeh	0.000017
asaf	0.000017
asher	0.000017
ashley	0.000017
ashton	0.000017
asier	0.000017
atariki	0.000017
athos	0.000017
"aukiñ"	0.000017
austhin	0.000017
axl	0.000017
axsel	0.000017
azael	0.000017
azarias	0.000017
balian	0.000017
basilio	0.000017
basthyan	0.000017
bastyan	0.000017
ben	0.000017
benjhamin	0.000017
bianco	0.000017
bjorn	0.000017
brahim	0.000017
brandom	0.000017
brayton	0.000017
brunno	0.000017
cain	0.000017
camir	0.000017
cedrick	0.000017
charbel	0.000017
chen	0.000017
christ	0.000017
christhian	0.000017
christoph	0.000017
claus	0.000017
cole	0.000017
cris	0.000017
criss	0.000017
crystobal	0.000017
"d'angelo"	0.000017
dago	0.000017
dalian	0.000017
damiam	0.000017
damien	0.000017
damyan	0.000017
danniel	0.000017
darickson	0.000017
darkyel	0.000017
darlens	0.000017
darwyn	0.000017
daryl	0.000017
dasthan	0.000017
dawens	0.000017
daykel	0.000017
dean	0.000017
deimian	0.000017
deimon	0.000017
deivis	0.000017
deivy	0.000017
demis	0.000017
deybid	0.000017
deyran	0.000017
deyvid	0.000017
dhilan	0.000017
dian	0.000017
didiel	0.000017
dieter	0.000017
dilhan	0.000017
dixson	0.000017
don	0.000017
donald	0.000017
draco	0.000017
drey	0.000017
duan	0.000017
dusan	0.000017
duzan	0.000017
dylhan	0.000017
dyllan	0.000017
ebrahim	0.000017
ebrayn	0.000017
eddy	0.000017
edilson	0.000017
edwuar	0.000017
edyson	0.000017
efraim	0.000017
efren	0.000017
eitham	0.000017
eizan	0.000017
eliazar	0.000017
eligio	0.000017
ellian	0.000017
emanuelle	0.000017
emyliano	0.000017
eneas	0.000017
engel	0.000017
enoch	0.000017
enrico	0.000017
enyel	0.000017
ephraim	0.000017
ervin	0.000017
esais	0.000017
esait	0.000017
esau	0.000017
esdras	0.000017
estephano	0.000017
estiven	0.000017
ethiel	0.000017
ewald	0.000017
excequiel	0.000017
eylan	0.000017
ezai	0.000017
ezay	0.000017
fanor	0.000017
faruk	0.000017
ferandez	0.000017
fernan	0.000017
franchesko	0.000017
franshesco	0.000017
fransisco	0.000017
fred	0.000017
frederick	0.000017
gabriell	0.000017
gabrielle	0.000017
galeano	0.000017
gamal	0.000017
gari	0.000017
gasphar	0.000017
gazpar	0.000017
geo	0.000017
geovani	0.000017
geral	0.000017
giancarlos	0.000017
gianlucas	0.000017
gianmarco	0.000017
gianpiere	0.000017
giomar	0.000017
giordanno	0.000017
giusseppe	0.000017
glen	0.000017
griezman	0.000017
guiseppe	0.000017
hallan	0.000017
hanzell	0.000017
haru	0.000017
hassan	0.000017
hazael	0.000017
heder	0.000017
heitan	0.000017
henrry	0.000017
herlan	0.000017
hermes	0.000017
hernando	0.000017
hevan	0.000017
hian	0.000017
hidan	0.000017
hilario	0.000017
hiram	0.000017
horus	0.000017
hostin	0.000017
hyrum	0.000017
ibrahin	0.000017
igal	0.000017
ihsahn	0.000017
ilay	0.000017
inay	0.000017
iori	0.000017
iosef	0.000017
ioshua	0.000017
iran	0.000017
isais	0.000017
isan	0.000017
isaul	0.000017
isidora	0.000017
itham	0.000017
itzae	0.000017
ivo	0.000017
"iñaky"	0.000017
jacson	0.000017
jadid	0.000017
jan	0.000017
jans	0.000017
jarek	0.000017
jay	0.000017
jaycob	0.000017
jeam	0.000017
jeampaul	0.000017
jeancarlos	0.000017
jehu	0.000017
jehyson	0.000017
jeico	0.000017
jeiko	0.000017
jeims	0.000017
jeisson	0.000017
jeremih	0.000017
jeriel	0.000017
jerman	0.000017
jerome	0.000017
jeykob	0.000017
jeyson	0.000017
jhair	0.000017
jheferson	0.000017
jheremi	0.000017
jheyko	0.000017
jhordy	0.000017
jhovani	0.000017
jhuliano	0.000017
jhusef	0.000017
ji	0.000017
jiajun	0.000017
jim	0.000017
joab	0.000017
johel	0.000017
jojhan	0.000017
jordany	0.000017
jose-ignacio	0.000017
jose-pedro	0.000017
joseantonio	0.000017
josef	0.000017
josehp	0.000017
josemanuel	0.000017
josemartin	0.000017
josep	0.000017
josepedro	0.000017
joshep	0.000017
josiah	0.000017
juan-andres	0.000017
juan-felipe	0.000017
juancristobal	0.000017
juanfrancisco	0.000017
juanignacio	0.000017
juanpedro	0.000017
julen	0.000017
juseph	0.000017
kael	0.000017
kalel	0.000017
kamilo	0.000017
karlo	0.000017
kartal	0.000017
kayl	0.000017
kelly	0.000017
kelvi	0.000017
kendry	0.000017
kennay	0.000017
keny	0.000017
kerby	0.000017
kevyn	0.000017
keylan	0.000017
khan	0.000017
kiliam	0.000017
konrad	0.000017
koyam	0.000017
kristian	0.000017
kristoffer	0.000017
larry	0.000017
laureano	0.000017
lemuel	0.000017
lennard	0.000017
lennon	0.000017
leonard	0.000017
leonell	0.000017
leopold	0.000017
lester	0.000017
liann	0.000017
liham	0.000017
lihan	0.000017
lino	0.000017
lister	0.000017
liwen	0.000017
lizander	0.000017
loghan	0.000017
lubenson	0.000017
luc	0.000017
luian	0.000017
luigi	0.000017
luis-felipe	0.000017
lyann	0.000017
mack	0.000017
madriel	0.000017
maiquel	0.000017
maison	0.000017
malachi	0.000017
malcolm	0.000017
malik	0.000017
manel	0.000017
marcio	0.000017
marley	0.000017
marti	0.000017
marttin	0.000017
marvin	0.000017
mata	0.000017
"mata'u"	0.000017
mateus	0.000017
mathyas	0.000017
matyas	0.000017
maverick	0.000017
maxcimiliano	0.000017
maxs	0.000017
maxx	0.000017
mayck	0.000017
mayckel	0.000017
mayco	0.000017
meli	0.000017
melian	0.000017
melvin	0.000017
mert	0.000017
mihael	0.000017
mijail	0.000017
miko	0.000017
miler	0.000017
mirovan	0.000017
miuler	0.000017
mohamed	0.000017
muller	0.000017
munay	0.000017
murat	0.000017
nabih	0.000017
nabor	0.000017
naduam	0.000017
nathael	0.000017
nathian	0.000017
navid	0.000017
neftaly	0.000017
neil	0.000017
neilan	0.000017
neimar	0.000017
nesta	0.000017
neyer	0.000017
neysan	0.000017
neyson	0.000017
nibaldo	0.000017
nick	0.000017
nicola	0.000017
nicolay	0.000017
nietzsche	0.000017
niklas	0.000017
nitai	0.000017
nivaldo	0.000017
nyjah	0.000017
olmo	0.000017
oren	0.000017
oriel	0.000017
osciel	0.000017
osiel	0.000017
osthin	0.000017
oswaldo	0.000017
oustyn	0.000017
patrik	0.000017
philip	0.000017
phill	0.000017
phillipe	0.000017
pier	0.000017
quimey	0.000017
rafik	0.000017
randal	0.000017
randall	0.000017
raymi	0.000017
raymundo	0.000017
remi	0.000017
reymond	0.000017
richards	0.000017
rick	0.000017
rober	0.000017
roderick	0.000017
roland	0.000017
rolf	0.000017
romualdo	0.000017
romulo	0.000017
roni	0.000017
ruddy	0.000017
rusbel	0.000017
saimond	0.000017
sam	0.000017
samael	0.000017
samhir	0.000017
samyr	0.000017
sanders	0.000017
saulo	0.000017
saymon	0.000017
sean	0.000017
sebastien	0.000017
shamir	0.000017
silvano	0.000017
steve	0.000017
steveen	0.000017
taiel	0.000017
tao	0.000017
tarso	0.000017
teobaldo	0.000017
thadeo	0.000017
thairon	0.000017
thayler	0.000017
theodore	0.000017
theylor	0.000017
thian	0.000017
thomy	0.000017
tian	0.000017
timothy	0.000017
tito	0.000017
tom	0.000017
tomi	0.000017
tomy	0.000017
travis	0.000017
tyron	0.000017
ulisses	0.000017
vicentte	0.000017
vincet	0.000017
vlad	0.000017
wen	0.000017
wilfredo	0.000017
wiliams	0.000017
willian	0.000017
woodlens	0.000017
xander	0.000017
xavi	0.000017
yaakov	0.000017
yadier	0.000017
yahel	0.000017
yankee	0.000017
yasier	0.000017
yean	0.000017
yenien	0.000017
yerai	0.000017
yeremmy	0.000017
yerik	0.000017
yersin	0.000017
yohandri	0.000017
yojhan	0.000017
yordi	0.000017
yorlan	0.000017
yorsh	0.000017
yoseph	0.000017
yosmel	0.000017
yosshua	0.000017
yovani	0.000017
yovany	0.000017
yusef	0.000017
yussef	0.000017
zadkiel	0.000017
zaird	0.000017
zeus	0.000017
zhamir	0.000017
zhi	0.000017
zinedine	0.000017
"'onei"	0.000008
aadvik	0.000008
aagustin	0.000008
aamir	0.000008
aarav	0.000008
aarhon	0.000008
aarzu	0.000008
abbas	0.000008
abdael	0.000008
abdallath	0.000008
abdayr	0.000008
abdihel	0.000008
abdon	0.000008
abdriel	0.000008
abdyel	0.000008
abed	0.000008
abehl	0.000008
abiu	0.000008
abran	0.000008
abraram	0.000008
abrham	0.000008
abshalom	0.000008
ackerley	0.000008
adann	0.000008
addison	0.000008
adellyn	0.000008
ademar	0.000008
adhair	0.000008
adhan	0.000008
adi	0.000008
adihel	0.000008
adilson	0.000008
adir	0.000008
adlerson	0.000008
adnan	0.000008
adonay	0.000008
adric	0.000008
adrick	0.000008
adryano	0.000008
adryel	0.000008
adyar-ahyran	0.000008
aedan	0.000008
aeneas	0.000008
agosti	0.000008
agusstin	0.000008
agusth	0.000008
agusthyn	0.000008
agustini	0.000008
agustinn	0.000008
agustino	0.000008
agusttin	0.000008
ahidan	0.000008
ahisahar	0.000008
ahizak	0.000008
ahmad	0.000008
ahyram	0.000008
ailian	0.000008
airam	0.000008
airon	0.000008
airton	0.000008
aisant	0.000008
aithom	0.000008
aitor-	0.000008
aj	0.000008
akaal	0.000008
akamus	0.000008
"akañir"	0.000008
akiva	0.000008
aksel	0.000008
akun	0.000008
akyles	0.000008
alaan	0.000008
alai	0.000008
alam	0.000008
aland	0.000008
alaric	0.000008
alay	0.000008
alayn	0.000008
albano	0.000008
albeiro	0.000008
alberick	0.000008
albieri	0.000008
aldan	0.000008
alderick	0.000008
aldrick	0.000008
ale	0.000008
alecksan	0.000008
alef	0.000008
alehem	0.000008
aleixo	0.000008
alejo	0.000008
alek	0.000008
aleksandr	0.000008
aleman	0.000008
alenko	0.000008
aleph	0.000008
alesande	0.000008
alexanden	0.000008
alexandher	0.000008
alexandre	0.000008
alexay	0.000008
alexei	0.000008
alexhander	0.000008
alexii	0.000008
alexs	0.000008
alexsandro	0.000008
alexsi	0.000008
aleytz	0.000008
aleyx	0.000008
alfieri	0.000008
alfodin	0.000008
alfonz	0.000008
alhen	0.000008
alian	0.000008
aliel	0.000008
alim	0.000008
alion	0.000008
alison	0.000008
alister	0.000008
alnair	0.000008
alof	0.000008
alony	0.000008
alphonse	0.000008
altahir	0.000008
aluan	0.000008
aluen	0.000008
aluhe	0.000008
alvar	0.000008
alving	0.000008
amadeus	0.000008
amaharo	0.000008
amancio	0.000008
amani	0.000008
amankai	0.000008
amaro-gabriel	0.000008
amarok	0.000008
amaruh	0.000008
amathiel	0.000008
ambrosio	0.000008
amdail	0.000008
ameriko	0.000008
amhin	0.000008
amias	0.000008
aminadab	0.000008
amirson	0.000008
amishan	0.000008
amitai	0.000008
amos	0.000008
amrru	0.000008
amulek	0.000008
anaias	0.000008
anakyn	0.000008
anania	0.000008
anatole	0.000008
anatolio	0.000008
ancel	0.000008
anddy	0.000008
anderle	0.000008
anderley	0.000008
anders	0.000008
andherson	0.000008
andreh	0.000008
andrerson	0.000008
andrey	0.000008
andriuw	0.000008
andriw	0.000008
andro	0.000008
andronico	0.000008
andros	0.000008
andru	0.000008
andrus	0.000008
andruw	0.000008
andry	0.000008
anduin	0.000008
aneeq	0.000008
anel	0.000008
aner	0.000008
angellensky	0.000008
angellyno	0.000008
angelsh	0.000008
angenor	0.000008
anggelo	0.000008
anguel	0.000008
angus	0.000008
anhelo	0.000008
aniceto	0.000008
anjel	0.000008
ankalli	0.000008
ankel	0.000008
anley	0.000008
anllel	0.000008
anselmo	0.000008
antero	0.000008
anthoan	0.000008
anthoni	0.000008
anthonnie	0.000008
anthuand	0.000008
anthuann	0.000008
anthwan	0.000008
antoan	0.000008
antohan	0.000008
antonell	0.000008
antonet	0.000008
antonhy	0.000008
antoniell	0.000008
anttoni	0.000008
antunahuel	0.000008
antunawel	0.000008
anuel	0.000008
anwar	0.000008
anyelino	0.000008
anzy	0.000008
ao	0.000008
aquim	0.000008
arami	0.000008
aran	0.000008
arda	0.000008
ardans	0.000008
arens	0.000008
argenis	0.000008
argus	0.000008
arhon	0.000008
arianndy	0.000008
arietti	0.000008
ariky	0.000008
aris	0.000008
arist	0.000008
ariston	0.000008
ariz	0.000008
arlen	0.000008
arlens	0.000008
armand	0.000008
armstrong	0.000008
arnold	0.000008
arone	0.000008
arseth	0.000008
artur	0.000008
arys	0.000008
asgard	0.000008
askar	0.000008
aslam	0.000008
asthu	0.000008
aston	0.000008
astor	0.000008
astro	0.000008
atamu	0.000008
atdhiel	0.000008
athan	0.000008
atila	0.000008
atin	0.000008
atom	0.000008
augusthin	0.000008
aukali	0.000008
auki	0.000008
aukin	0.000008
aukinko	0.000008
"aukiñko"	0.000008
aun	0.000008
aurelio	0.000008
austi	0.000008
avyaan	0.000008
axell	0.000008
ayaan	0.000008
ayan	0.000008
ayen	0.000008
ayinko	0.000008
aylam	0.000008
ayman	0.000008
aynner	0.000008
ayram	0.000008
azariel	0.000008
azlan	0.000008
backley	0.000008
bahiron	0.000008
bai	0.000008
baironn	0.000008
baldomero	0.000008
baldur	0.000008
baltazhar	0.000008
balter	0.000008
baran	0.000008
barjahnn	0.000008
barns	0.000008
bartholome	0.000008
bartolome	0.000008
baru	0.000008
baruk	0.000008
basco	0.000008
basel	0.000008
bashar	0.000008
bassel	0.000008
basstian	0.000008
bastiel	0.000008
bastiian	0.000008
basty	0.000008
batiste	0.000008
batistta	0.000008
batitu	0.000008
battista	0.000008
bayazeto	0.000008
bayram	0.000008
bayrhon	0.000008
beckan	0.000008
beckham	0.000008
bedirjhan	0.000008
beilian	0.000008
belford	0.000008
belisario	0.000008
belkan	0.000008
bemjamin	0.000008
bencher	0.000008
benchino	0.000008
benedict	0.000008
benjamin-andres	0.000008
benley	0.000008
benllamin	0.000008
benoit	0.000008
bensais	0.000008
bensley	0.000008
benua	0.000008
benyamir	0.000008
berckens	0.000008
beredi	0.000008
berlensley	0.000008
berloucio	0.000008
bernado	0.000008
bernard	0.000008
bernuel	0.000008
berny	0.000008
berson	0.000008
beylian	0.000008
bezalel	0.000008
bhenjamin	0.000008
biagio	0.000008
bicente	0.000008
bidley	0.000008
bikenskey	0.000008
bilijhon	0.000008
bilso	0.000008
bily	0.000008
blaine	0.000008
blass	0.000008
bleick	0.000008
bob	0.000008
bogdan	0.000008
bohran	0.000008
borang	0.000008
borga	0.000008
borhan	0.000008
borjas	0.000008
bory	0.000008
braandon	0.000008
brad	0.000008
brael	0.000008
brahis	0.000008
brahyden	0.000008
braiden	0.000008
brailin	0.000008
brain	0.000008
braison	0.000008
bram	0.000008
bran	0.000008
brancin	0.000008
brayam	0.000008
brayann	0.000008
brayhan	0.000008
braymer	0.000008
brayner	0.000008
bregan	0.000008
breitneer	0.000008
breixo	0.000008
brenand	0.000008
brenet	0.000008
breydan	0.000008
breyner	0.000008
breyztlander	0.000008
briam	0.000008
brihan	0.000008
broderick	0.000008
bruck	0.000008
brunei	0.000008
bryam	0.000008
bryant	0.000008
budlin	0.000008
builmer	0.000008
burhan	0.000008
calex	0.000008
calixto	0.000008
calo	0.000008
cameron	0.000008
carel	0.000008
carin	0.000008
carl	0.000008
carlens	0.000008
carles	0.000008
carlitos	0.000008
casey	0.000008
casimiro	0.000008
cassiell	0.000008
cassius	0.000008
castyel	0.000008
cauan	0.000008
cayden	0.000008
cein	0.000008
celin	0.000008
celso	0.000008
cesc	0.000008
chaaban	0.000008
chad	0.000008
chalensky	0.000008
chamir	0.000008
chardy	0.000008
charik	0.000008
charlens	0.000008
charly	0.000008
chedmayel	0.000008
chedson	0.000008
chenaider	0.000008
chenyi	0.000008
chenyize	0.000008
chifook	0.000008
chistopher	0.000008
chris-easton	0.000008
chrisleymon	0.000008
christerson	0.000008
christhofer	0.000008
christhop	0.000008
christhoper	0.000008
christiaan	0.000008
christofher	0.000008
christoper	0.000008
chrisvensley	0.000008
chucheng	0.000008
chuge	0.000008
cibran	0.000008
cihangir	0.000008
cirilo	0.000008
claark	0.000008
clabens	0.000008
clarensky	0.000008
clark	0.000008
clavens	0.000008
clavensky	0.000008
clavenskynovitch	0.000008
clayr	0.000008
clement	0.000008
clervenson	0.000008
clever	0.000008
cley	0.000008
cliff	0.000008
clivenson	0.000008
colin	0.000008
collins	0.000008
conrad	0.000008
conrado	0.000008
constant	0.000008
constantin	0.000008
constantine	0.000008
corey	0.000008
crhiss	0.000008
crhistobal	0.000008
crhistofer	0.000008
crisber	0.000008
crishna	0.000008
crisstobal	0.000008
crisstofer	0.000008
cristhjan	0.000008
cristianno	0.000008
cristoferth	0.000008
cristofhers	0.000008
cristtobal	0.000008
cristtopher	0.000008
crixus	0.000008
cruz	0.000008
curry	0.000008
cyhangir	0.000008
cyrian	0.000008
cyril	0.000008
d	0.000008
"d''hlet"	0.000008
"d'alessandro"	0.000008
"d'alexandre"	0.000008
"d'ider"	0.000008
"d'yango"	0.000008
daan	0.000008
dadier	0.000008
daem	0.000008
daemian	0.000008
daemon	0.000008
daftyn	0.000008
dagensley	0.000008
dagensly	0.000008
dagueth	0.000008
dahiel	0.000008
dahir	0.000008
daian	0.000008
daison	0.000008
dait	0.000008
daive	0.000008
dalai	0.000008
dalivor	0.000008
daltier	0.000008
dalton	0.000008
dalver	0.000008
damiian	0.000008
damyr	0.000008
dani	0.000008
danie	0.000008
daniel-adriano	0.000008
daniell	0.000008
danielo	0.000008
daniil	0.000008
dankan	0.000008
danko	0.000008
danner	0.000008
dannte	0.000008
dannyells	0.000008
danyel	0.000008
danyelo	0.000008
dareck	0.000008
dariam	0.000008
darice	0.000008
darick	0.000008
darikson	0.000008
darison	0.000008
darius	0.000008
darkangelo	0.000008
darlan	0.000008
darlon	0.000008
darnich	0.000008
darrel	0.000008
darrell	0.000008
darring	0.000008
darson	0.000008
darwuin	0.000008
daryan	0.000008
dashiel	0.000008
dashiell	0.000008
daslan	0.000008
daslav	0.000008
dasstin	0.000008
dasstyn	0.000008
dasthynn	0.000008
dastiel	0.000008
dastim	0.000008
dasting	0.000008
dave-gamael	0.000008
daven	0.000008
davens	0.000008
davick	0.000008
davids	0.000008
davison	0.000008
davos	0.000008
dawensley	0.000008
dawensly	0.000008
dawins	0.000008
dawson	0.000008
dayamon	0.000008
dayan	0.000008
dayar	0.000008
dayhiro	0.000008
dayman	0.000008
daymon	0.000008
dayon	0.000008
dayran	0.000008
dayren	0.000008
dayro	0.000008
dayson	0.000008
dayvi	0.000008
dayvid	0.000008
dazberth	0.000008
daziel	0.000008
"de'andree"	0.000008
debin	0.000008
deenis	0.000008
deibit	0.000008
deilan	0.000008
deimar	0.000008
deiran	0.000008
deison	0.000008
deivan	0.000008
deivies	0.000008
dekerth	0.000008
delfos	0.000008
delices	0.000008
delihan	0.000008
demetrio	0.000008
demians	0.000008
demien	0.000008
demin	0.000008
demmian	0.000008
denay	0.000008
deni	0.000008
denian	0.000008
deniel	0.000008
deniell	0.000008
denilson	0.000008
deninzon	0.000008
denner	0.000008
dennys	0.000008
densel	0.000008
densen	0.000008
densink	0.000008
densy	0.000008
denyel	0.000008
derekc	0.000008
derentt	0.000008
derhek	0.000008
deriiam	0.000008
derik	0.000008
deris	0.000008
derlan	0.000008
derry	0.000008
deryel	0.000008
dessino	0.000008
deutchson	0.000008
dev	0.000008
devin	0.000008
dexter	0.000008
deyan	0.000008
deybi	0.000008
deyi	0.000008
deylon	0.000008
deymar	0.000008
deyner	0.000008
deynor	0.000008
deyrian	0.000008
deyverson	0.000008
deyvi	0.000008
deyvis	0.000008
deyvy	0.000008
dhanilo	0.000008
dhanny	0.000008
dharien	0.000008
dharlan	0.000008
dharyen	0.000008
dhastyn	0.000008
dhemian	0.000008
dhubsman	0.000008
dianko	0.000008
diaval	0.000008
dibier	0.000008
dibson	0.000008
dickey	0.000008
didas	0.000008
dider	0.000008
didian	0.000008
diehury	0.000008
dier	0.000008
dierick	0.000008
dierix	0.000008
dieury	0.000008
dilaber	0.000008
diland	0.000008
dillan	0.000008
diloban	0.000008
dilovan	0.000008
dimitric	0.000008
dimitris	0.000008
dinko	0.000008
dino	0.000008
diogens	0.000008
diogho	0.000008
dion	0.000008
dionisio	0.000008
dionny	0.000008
dionys	0.000008
diosby	0.000008
diosel	0.000008
diozel	0.000008
dirian	0.000008
dithan	0.000008
divier	0.000008
dixel	0.000008
djeryson	0.000008
djimitri	0.000008
djivensley	0.000008
djovensky	0.000008
djuninhio	0.000008
djuvensky	0.000008
dom	0.000008
domingo-leon	0.000008
domminick	0.000008
domminik	0.000008
donatto	0.000008
donkerrey	0.000008
donnato	0.000008
donnie	0.000008
donny	0.000008
dorhian	0.000008
doriam	0.000008
dorlensky	0.000008
dostin	0.000008
drago	0.000008
drazen	0.000008
dreiko	0.000008
dreiky	0.000008
drexcel	0.000008
drian	0.000008
duam	0.000008
dudelee	0.000008
dudley	0.000008
duhis	0.000008
dustyn	0.000008
duval	0.000008
duztin	0.000008
dwight	0.000008
dyan	0.000008
dyans	0.000008
dydhiert	0.000008
dydier	0.000008
dylann	0.000008
dyllanh	0.000008
dysel	0.000008
earendil	0.000008
eberth	0.000008
ebiendi	0.000008
ebraym	0.000008
eckhart	0.000008
edahi	0.000008
edder	0.000008
eddward	0.000008
edemir	0.000008
edggar	0.000008
edheen	0.000008
edhuar	0.000008
edian	0.000008
edier	0.000008
edigardo	0.000008
edilio	0.000008
edixson	0.000008
edjher	0.000008
edmilson	0.000008
edsel	0.000008
eduardo-alonso	0.000008
eduards	0.000008
eduark	0.000008
eduarth	0.000008
eduin	0.000008
edwhyn	0.000008
edwuard	0.000008
edyan	0.000008
edziel	0.000008
efrahin	0.000008
efrayim	0.000008
efrayn	0.000008
egardo	0.000008
ehithan	0.000008
ehiton	0.000008
ehizan	0.000008
ehtan	0.000008
eidann	0.000008
eiddan	0.000008
eiddian	0.000008
eiden	0.000008
eiki	0.000008
eimer	0.000008
einarr	0.000008
eisam	0.000008
eitam	0.000008
eittan	0.000008
eivan	0.000008
ekaitz	0.000008
ekam	0.000008
ekan	0.000008
eladio	0.000008
elam	0.000008
elanth	0.000008
elban	0.000008
eldaoud	0.000008
elder	0.000008
eleader	0.000008
elerick	0.000008
elessar	0.000008
elia	0.000008
eliaan	0.000008
eliaceth	0.000008
eliaer	0.000008
eliahu	0.000008
eliams	0.000008
eliane	0.000008
eliann	0.000008
eliant	0.000008
eliaquim	0.000008
eliazer	0.000008
eliceo	0.000008
elicet	0.000008
eliecel	0.000008
eliester	0.000008
eliett	0.000008
elifaz	0.000008
eligkurra	0.000008
elihan	0.000008
elihas	0.000008
eliian	0.000008
eliodoro	0.000008
elion	0.000008
elis	0.000008
elisee	0.000008
eljaer	0.000008
elkin	0.000008
elliott	0.000008
eloi	0.000008
elon	0.000008
elrik	0.000008
elson	0.000008
elun	0.000008
elunei	0.000008
ely	0.000008
elyant	0.000008
elyers	0.000008
elyse	0.000008
emanhuel	0.000008
emanuele	0.000008
emer	0.000008
emerick	0.000008
emersson	0.000008
emet	0.000008
emilia	0.000008
emilian	0.000008
emilier	0.000008
emilliano	0.000008
emilyo	0.000008
emit	0.000008
emmet	0.000008
emmett	0.000008
emmir	0.000008
emrodson	0.000008
emylier	0.000008
enam	0.000008
engels	0.000008
eniel	0.000008
enmanuel	0.000008
enrich	0.000008
enry	0.000008
enyeiber	0.000008
enyelbher	0.000008
erdogan	0.000008
erian	0.000008
erico	0.000008
eridan	0.000008
eriksen	0.000008
erikson	0.000008
erim	0.000008
erixon	0.000008
erland	0.000008
ernani	0.000008
ernest	0.000008
erwing	0.000008
eryson	0.000008
esahir	0.000008
esain	0.000008
escandar	0.000008
esequel	0.000008
esequiel	0.000008
eskil	0.000008
esloan	0.000008
esmin	0.000008
esnaider	0.000008
esnayder	0.000008
espartaco	0.000008
espencer	0.000008
estebhan	0.000008
estefanno	0.000008
esteffano	0.000008
estevan	0.000008
estheban	0.000008
esthefanno	0.000008
esthepanno	0.000008
estheven	0.000008
esthiben	0.000008
etham	0.000008
ethaniel	0.000008
ethienne	0.000008
etianne	0.000008
etieen	0.000008
etien	0.000008
etier	0.000008
ettian	0.000008
ettiene	0.000008
ettson	0.000008
etvid	0.000008
etzequiel	0.000008
etzio	0.000008
"evan's"	0.000008
evann	0.000008
evaristo	0.000008
evensley	0.000008
evert	0.000008
ewer	0.000008
exael	0.000008
excel	0.000008
exeviel	0.000008
exneyder	0.000008
exon	0.000008
exzequiel	0.000008
eyael	0.000008
eyal	0.000008
eyall	0.000008
eydam	0.000008
eyder	0.000008
eylhan	0.000008
eyner	0.000008
eyquel	0.000008
eythian	0.000008
ezael	0.000008
ezaid	0.000008
ezamir	0.000008
ezaquiel	0.000008
ezechias	0.000008
ezekel	0.000008
ezel	0.000008
ezequel	0.000008
eziel	0.000008
ezsai	0.000008
eztterzon	0.000008
ezxequiel	0.000008
ezxequiell	0.000008
ezzekel	0.000008
ezzio	0.000008
fabiens	0.000008
fabriani	0.000008
fabriccio	0.000008
faccu	0.000008
facunco	0.000008
fadi	0.000008
faku	0.000008
fares	0.000008
farhid	0.000008
farkensley	0.000008
farlens	0.000008
faruck	0.000008
farus	0.000008
fauno	0.000008
favian	0.000008
fawzi	0.000008
fedensky	0.000008
fedor	0.000008
fei	0.000008
felci	0.000008
felicciano	0.000008
fenix	0.000008
fenrir	0.000008
ferdinand	0.000008
ferenc	0.000008
fernado	0.000008
ferney	0.000008
fidias	0.000008
fils-aime	0.000008
florencia	0.000008
florencio	0.000008
florian	0.000008
franccesco	0.000008
francescoli	0.000008
franchescoli	0.000008
francio	0.000008
francisco-javier	0.000008
franciss	0.000008
franckelson	0.000008
francy	0.000008
frandeson	0.000008
frandy	0.000008
frane	0.000008
franshesko	0.000008
franthson	0.000008
freddie	0.000008
frede	0.000008
frederik	0.000008
fredi	0.000008
freilin	0.000008
froilan	0.000008
fuad	0.000008
fulvio	0.000008
gaby	0.000008
gadai	0.000008
gadyel	0.000008
gaeel	0.000008
gaetan	0.000008
gaetano	0.000008
gal	0.000008
galian	0.000008
gamadiel	0.000008
gamalier	0.000008
garen	0.000008
garet	0.000008
garett	0.000008
gasly	0.000008
gasspeer	0.000008
gauldado	0.000008
gauldo	0.000008
geal	0.000008
geancarlos	0.000008
geanluccas	0.000008
geniol	0.000008
genly	0.000008
gennory	0.000008
genrry	0.000008
georg	0.000008
georgios	0.000008
geovanie	0.000008
geovanni	0.000008
geremi	0.000008
geremia	0.000008
geremy	0.000008
gerex	0.000008
gerhard	0.000008
gerjens	0.000008
gerlan	0.000008
germain	0.000008
gerrard	0.000008
gevindson	0.000008
ghaley	0.000008
ghalib	0.000008
ghazi	0.000008
ghazy	0.000008
ghilmar	0.000008
ghilmer	0.000008
ghors	0.000008
giampiero	0.000008
gianco	0.000008
gianluigi	0.000008
gianluka	0.000008
gianlukas	0.000008
gianni	0.000008
giannis	0.000008
gianpiero	0.000008
gianpierre	0.000008
gianthier	0.000008
gibson	0.000008
gibyhans	0.000008
giglio	0.000008
gilfredo	0.000008
gilmar	0.000008
ginaldino	0.000008
gines	0.000008
gio	0.000008
giordani	0.000008
giorgi	0.000008
giorgiano	0.000008
giovvanni	0.000008
giulianno	0.000008
giulliano	0.000008
giuseph	0.000008
giussepe	0.000008
given	0.000008
givensky	0.000008
gleenn	0.000008
gohan	0.000008
gojhan	0.000008
gopal	0.000008
goren	0.000008
gorka	0.000008
gorki	0.000008
gothdfredt	0.000008
greck	0.000008
greco	0.000008
gregg	0.000008
gregor	0.000008
greilyn	0.000008
greko	0.000008
guianfranco	0.000008
guilgamesh	0.000008
guillem	0.000008
guillian	0.000008
guinzo	0.000008
guiordano	0.000008
gunter	0.000008
gunther	0.000008
guoqiang	0.000008
gus	0.000008
gusthavo	0.000008
haanz	0.000008
habacuc	0.000008
habram	0.000008
hader	0.000008
hadir	0.000008
hadly	0.000008
hagen	0.000008
hair	0.000008
hakan	0.000008
hakim	0.000008
halan	0.000008
halinthon	0.000008
hallen	0.000008
haly	0.000008
han	0.000008
handriux	0.000008
haner	0.000008
hanibal	0.000008
haniel	0.000008
hank	0.000008
hannael	0.000008
hanson	0.000008
hanss	0.000008
hanzel	0.000008
"hanzõ"	0.000008
hao	0.000008
haoyang	0.000008
haoyi	0.000008
harald	0.000008
harim	0.000008
harinton	0.000008
haris	0.000008
harken	0.000008
harly-ango	0.000008
haron	0.000008
harrison	0.000008
harryson	0.000008
harz	0.000008
hasen	0.000008
hassam	0.000008
hassiel	0.000008
hattori	0.000008
haumaru	0.000008
haustin	0.000008
hawuerth	0.000008
hayro	0.000008
hayron	0.000008
haythan	0.000008
hayzen	0.000008
heberth	0.000008
hector-manuel	0.000008
hedrick	0.000008
heidat	0.000008
heigan	0.000008
heimz	0.000008
heiner	0.000008
heinz	0.000008
heinzel	0.000008
heityan	0.000008
helaman	0.000008
heleno	0.000008
helex	0.000008
helian	0.000008
hellian	0.000008
helmer	0.000008
helmut	0.000008
helton	0.000008
hemir	0.000008
henci	0.000008
hendell	0.000008
hendrick	0.000008
hendrys	0.000008
heneron	0.000008
henok	0.000008
hensley	0.000008
heraldo	0.000008
herardo	0.000008
herbimael	0.000008
herby	0.000008
herian	0.000008
herjahell	0.000008
hermann	0.000008
hernanpaolo	0.000008
hervansley	0.000008
hever	0.000008
heydan	0.000008
heytan	0.000008
hiamir	0.000008
hibrain	0.000008
hideaki	0.000008
hierick	0.000008
hiker	0.000008
hilian	0.000008
hiran	0.000008
hiro	0.000008
hitan	0.000008
hithan	0.000008
hittan	0.000008
hizamaru	0.000008
hoko	0.000008
holdinhio	0.000008
homer	0.000008
horeb	0.000008
hosman	0.000008
huan	0.000008
hubert	0.000008
huguito	0.000008
hunter	0.000008
hur	0.000008
husain	0.000008
hussens	0.000008
iaakov	0.000008
iain	0.000008
iair	0.000008
ianh	0.000008
iben	0.000008
iber	0.000008
ibhar	0.000008
ibsan	0.000008
ibsen	0.000008
ickeer	0.000008
idris	0.000008
ighair	0.000008
ignasi	0.000008
igor	0.000008
igriego	0.000008
iham	0.000008
iihan	0.000008
ijael	0.000008
ikeer	0.000008
ikel	0.000008
iken	0.000008
ikers	0.000008
iket	0.000008
ikker	0.000008
ikki	0.000008
ikxiel	0.000008
ilai	0.000008
ilann	0.000008
ilayan	0.000008
ilians	0.000008
ilion	0.000008
ilja	0.000008
illari	0.000008
illidan	0.000008
iloit	0.000008
ilya	0.000008
ilyan	0.000008
ilyas	0.000008
immanuel	0.000008
ingrid	0.000008
inyerman	0.000008
iquer	0.000008
isaay	0.000008
isabella	0.000008
isael	0.000008
isahias	0.000008
isaid	0.000008
isair	0.000008
isait	0.000008
isak	0.000008
isam	0.000008
isamit	0.000008
isau	0.000008
isaud	0.000008
ishaq	0.000008
isidor	0.000008
isidoro	0.000008
iskander	0.000008
iskay	0.000008
ismail	0.000008
isner	0.000008
issai	0.000008
issaias	0.000008
issak	0.000008
issam	0.000008
issmail	0.000008
itai	0.000008
itam	0.000008
itamar	0.000008
itann	0.000008
ithann	0.000008
itian	0.000008
itthan	0.000008
itzael	0.000008
itzchak	0.000008
itzhak	0.000008
ivalde	0.000008
ivan-handy	0.000008
ivanno	0.000008
ivanov	0.000008
ivar	0.000008
ivenord	0.000008
ivens	0.000008
iver	0.000008
ixxas	0.000008
izaac	0.000008
izaak	0.000008
izahir	0.000008
izam	0.000008
izay	0.000008
"iñaqui"	0.000008
jaasiel	0.000008
jaaziel	0.000008
jabes	0.000008
jaciel	0.000008
jacier	0.000008
jacinto	0.000008
jackson	0.000008
jacobs	0.000008
jacot	0.000008
jacques	0.000008
jaddiel	0.000008
jader	0.000008
jadua	0.000008
jady	0.000008
jaen	0.000008
jafeth	0.000008
jahcoob	0.000008
jahden	0.000008
jahel	0.000008
jahell	0.000008
jahiro	0.000008
jahziel	0.000008
jai	0.000008
jaiber	0.000008
jaicko	0.000008
jaickolth	0.000008
jaidan	0.000008
jaidelh	0.000008
jaiden	0.000008
jaider	0.000008
jaiir	0.000008
jail	0.000008
jainer	0.000008
jairs	0.000008
jais	0.000008
jake	0.000008
jakson	0.000008
jalil	0.000008
jalinton	0.000008
jamal	0.000008
jamesly	0.000008
jamil	0.000008
jamir	0.000008
jamiro	0.000008
jampiere	0.000008
jampierre	0.000008
jan-michael	0.000008
jandary	0.000008
janier	0.000008
janitz	0.000008
janlui	0.000008
jannick	0.000008
jansier	0.000008
janssein	0.000008
japhet	0.000008
jarell	0.000008
jaret	0.000008
jari	0.000008
jarir	0.000008
jarsi	0.000008
jascha	0.000008
jaspar	0.000008
jasteen	0.000008
jathniel	0.000008
jatniel	0.000008
jaudiin	0.000008
javeed	0.000008
jawer	0.000008
jayce	0.000008
jaycko	0.000008
jayco	0.000008
jaydhem	0.000008
jayko	0.000008
jaykol	0.000008
jaymi	0.000008
jayro	0.000008
jazper	0.000008
jcolh	0.000008
jeampier	0.000008
jeampiere	0.000008
jean-franco	0.000008
jean-josue	0.000008
jean-lentz	0.000008
jean-pier	0.000008
jean-pierd	0.000008
jean-piere	0.000008
jeancarlo	0.000008
jeanfranco	0.000008
jeanfranko	0.000008
jeanluca	0.000008
jeanphier	0.000008
jeanpieer	0.000008
jeanpieerr	0.000008
jeanpool	0.000008
jecsael	0.000008
jeffersson	0.000008
jeffren	0.000008
jefhree	0.000008
jefrey	0.000008
jefte	0.000008
jehad	0.000008
jehan	0.000008
jehik	0.000008
jehinner	0.000008
jehison	0.000008
jehosua	0.000008
jeiby	0.000008
jeick	0.000008
jeiden	0.000008
jeikool	0.000008
jem	0.000008
jenaro	0.000008
jenko	0.000008
jensen	0.000008
jensey	0.000008
jeohsua	0.000008
jepherson	0.000008
jephthe	0.000008
jepsen	0.000008
jeral	0.000008
jerameel	0.000008
jeremhy	0.000008
jeremia	0.000008
jeremith	0.000008
jerick	0.000008
jerico	0.000008
jerimy	0.000008
jerjes	0.000008
jeroham	0.000008
jeron	0.000008
jery	0.000008
jesahias	0.000008
jese	0.000008
jessie	0.000008
jessier	0.000008
jessus	0.000008
jessy	0.000008
jesuen	0.000008
jesus-ignacio	0.000008
jethro	0.000008
jetro	0.000008
jetsaia	0.000008
jetson	0.000008
jeycko	0.000008
jeyckonn	0.000008
jeycot	0.000008
jeydom	0.000008
jeziel	0.000008
jezreel	0.000008
jhaciel	0.000008
jhael	0.000008
jhaen	0.000008
jhail	0.000008
jhaime	0.000008
jhairo	0.000008
jhamal	0.000008
jhampier	0.000008
jhandry	0.000008
jhaniel	0.000008
jhann	0.000008
jhaquin	0.000008
jharet	0.000008
jhasdiel	0.000008
jhasiel	0.000008
jhasler	0.000008
jhassiel	0.000008
jhayder	0.000008
jhazir	0.000008
jheam	0.000008
jheampier	0.000008
jheas	0.000008
jhefry	0.000008
jheicob	0.000008
jheimy	0.000008
jhendri	0.000008
jhens	0.000008
jheral	0.000008
jherimy	0.000008
jherson	0.000008
jheycob	0.000008
jheydel	0.000008
jheyden	0.000008
jheykop	0.000008
jheylan	0.000008
jheyson	0.000008
jheyvi	0.000008
jhiordan	0.000008
jhoao	0.000008
jhocen	0.000008
jhohan	0.000008
jhohansel	0.000008
jhonaiker	0.000008
jhonalex	0.000008
jhonan	0.000008
jhonas	0.000008
jhonior	0.000008
jhonkely	0.000008
jhons	0.000008
jhonson	0.000008
jhordano	0.000008
jhorel	0.000008
jhorman	0.000008
jhosein	0.000008
jhoseth	0.000008
jhossep	0.000008
jhosseth	0.000008
jhossua	0.000008
jhosuar	0.000008
jhothswart	0.000008
jhounas	0.000008
jhulian	0.000008
jhurguen	0.000008
jiahao	0.000008
jiaheng	0.000008
jiam	0.000008
jian	0.000008
jiaxing	0.000008
jillian	0.000008
jimar	0.000008
jimy	0.000008
jing	0.000008
jingcheng	0.000008
jinghao	0.000008
jingyu	0.000008
jireh	0.000008
jitson	0.000008
joackim	0.000008
joakim	0.000008
joans	0.000008
joaqquinn	0.000008
joaquim	0.000008
joas	0.000008
joau	0.000008
jochua	0.000008
jodenson	0.000008
joei	0.000008
joek	0.000008
joen	0.000008
johakin	0.000008
johams	0.000008
johandry	0.000008
johanes	0.000008
johannes	0.000008
johanny	0.000008
johansel	0.000008
johasim	0.000008
johelle	0.000008
johnalex	0.000008
johnley	0.000008
johny	0.000008
johser	0.000008
johua	0.000008
joisti	0.000008
jonadab	0.000008
jonael	0.000008
jonnathan	0.000008
jonny	0.000008
jonter	0.000008
jopsan	0.000008
joran	0.000008
jordi	0.000008
jordiee	0.000008
jordyn	0.000008
jorel	0.000008
jorgeluis	0.000008
jorsdan	0.000008
jory	0.000008
josafat	0.000008
joschua	0.000008
jose-agustin	0.000008
jose-domingo	0.000008
jose-luis	0.000008
jose-manuel	0.000008
jose-maria	0.000008
jose-miguel	0.000008
jose-patricio	0.000008
jose-thomas	0.000008
josealonso	0.000008
joseb	0.000008
josecarlo	0.000008
joseeph	0.000008
josefrancisco	0.000008
josember	0.000008
josemiguel	0.000008
josemir	0.000008
josephi	0.000008
josepp	0.000008
josett	0.000008
josh	0.000008
joshandry	0.000008
joshe	0.000008
joshef	0.000008
joshman	0.000008
joshuan	0.000008
joshuar	0.000008
joshue	0.000008
josip	0.000008
josse	0.000008
josseph	0.000008
jossimar	0.000008
josteen	0.000008
josttyn	0.000008
josu	0.000008
josua	0.000008
josuee	0.000008
josuep	0.000008
josuhe	0.000008
joszka	0.000008
jotam	0.000008
jourdan	0.000008
jousenen	0.000008
jousept	0.000008
joustyn	0.000008
jovan	0.000008
jovanovic	0.000008
jovany	0.000008
jowan	0.000008
jowell	0.000008
jownny	0.000008
joxin	0.000008
joy	0.000008
joyce	0.000008
joyci	0.000008
joysent	0.000008
jozsef	0.000008
jozu	0.000008
"joão"	0.000008
juan-alonso	0.000008
juan-daniel	0.000008
juan-francisco	0.000008
juan-ignacio	0.000008
juan-jorge	0.000008
juan-leon	0.000008
juan-manuel	0.000008
juan-mariano	0.000008
juan-sailley	0.000008
juanabel	0.000008
juanalonso	0.000008
juanbaustista	0.000008
juanchriss	0.000008
jubensley	0.000008
judeson	0.000008
judesonn	0.000008
juldy-lover	0.000008
juliaan	0.000008
julien	0.000008
julinho	0.000008
julliard	0.000008
junhao	0.000008
junnan	0.000008
junwei	0.000008
junxi	0.000008
junye	0.000008
junzhe	0.000008
jure	0.000008
justino	0.000008
justo	0.000008
juvenal	0.000008
kabir	0.000008
kaciel	0.000008
kahin	0.000008
kaiming	0.000008
kain	0.000008
kainga	0.000008
kairos	0.000008
kaiwen	0.000008
kaleeb	0.000008
kalfu	0.000008
kalfukura	0.000008
kalfulafquen	0.000008
kalfupangi	0.000008
kalfv	0.000008
kalheb	0.000008
kali	0.000008
kallfu	0.000008
kallfunewen	0.000008
kallfuwenu	0.000008
kallfvlywen	0.000008
kamal	0.000008
kaman	0.000008
kamau	0.000008
kamen	0.000008
kamil	0.000008
kamir	0.000008
kamlesh	0.000008
kanek	0.000008
karl	0.000008
karol	0.000008
karoll	0.000008
karym	0.000008
katari	0.000008
kau	0.000008
kay	0.000008
kayden	0.000008
kayfrin	0.000008
kayler	0.000008
kayssen	0.000008
kayui	0.000008
keannu	0.000008
keen	0.000008
keenan	0.000008
kehidan	0.000008
keichi	0.000008
keidder	0.000008
keiichi	0.000008
keiler	0.000008
keiner	0.000008
keita	0.000008
keith	0.000008
keithan	0.000008
keled	0.000008
kelentaru	0.000008
kellan	0.000008
kelvin	0.000008
kemn	0.000008
ken	0.000008
kenaryk	0.000008
kendar	0.000008
kendley	0.000008
kendricks	0.000008
kendy	0.000008
keneth	0.000008
kenmzy	0.000008
kennan	0.000008
kenner	0.000008
kennette	0.000008
kent	0.000008
kentaro	0.000008
kepcer	0.000008
kerellos	0.000008
kerem	0.000008
kerry	0.000008
kerstin	0.000008
kervensly	0.000008
kervenson	0.000008
kervins	0.000008
keryn	0.000008
ketel	0.000008
kethson	0.000008
ketson	0.000008
kevym	0.000008
kewin	0.000008
keybian	0.000008
keydel	0.000008
keyler	0.000008
keylev	0.000008
keylher	0.000008
keyller	0.000008
keylon	0.000008
keynnan	0.000008
keyrend	0.000008
keyser	0.000008
keysi	0.000008
khai	0.000008
khaled	0.000008
khalil	0.000008
khamir	0.000008
kharim	0.000008
khenan	0.000008
khian	0.000008
khillyan	0.000008
khris	0.000008
khristobal	0.000008
khriz	0.000008
khyran	0.000008
kiaan	0.000008
kian	0.000008
kievork	0.000008
kilber	0.000008
kilyan	0.000008
kimantu	0.000008
kimey	0.000008
kimi	0.000008
kimlafken	0.000008
kimpson	0.000008
kintun	0.000008
kiram	0.000008
kiran	0.000008
kiyoshi	0.000008
kiyu	0.000008
klavens	0.000008
koke	0.000008
kona	0.000008
konnor	0.000008
konstantine	0.000008
konstantino	0.000008
koru	0.000008
kory	0.000008
kota	0.000008
kotaro	0.000008
koteriku	0.000008
kriis	0.000008
krish	0.000008
kriss	0.000008
kristhoffer	0.000008
kristhopper	0.000008
kroos	0.000008
krysthan	0.000008
kumilew	0.000008
kurmy	0.000008
kurtz	0.000008
kymani	0.000008
kymany	0.000008
kyriakos	0.000008
kyrian	0.000008
kysan	0.000008
la	0.000008
lafken	0.000008
laihan	0.000008
lair	0.000008
lalcktur	0.000008
lance	0.000008
lander	0.000008
lars	0.000008
latif	0.000008
laurence	0.000008
lauro	0.000008
lav	0.000008
lawensky	0.000008
lawrence	0.000008
layian	0.000008
lazar	0.000008
leam	0.000008
lean	0.000008
leaney	0.000008
leckner	0.000008
lefren	0.000008
leftraro	0.000008
leftratru	0.000008
leftray	0.000008
lemunko	0.000008
lendry	0.000008
leni	0.000008
lenix	0.000008
lenner	0.000008
lenninc	0.000008
lenon	0.000008
lens	0.000008
lenz	0.000008
leodan	0.000008
leodel	0.000008
leoncio	0.000008
leondre	0.000008
leone	0.000008
leonhard	0.000008
leonill	0.000008
leoxander	0.000008
leroy	0.000008
lesgar	0.000008
lestter	0.000008
leufu	0.000008
leun	0.000008
levans	0.000008
levin	0.000008
levitz	0.000008
lewfu	0.000008
leyman	0.000008
leyvan	0.000008
lheon	0.000008
lhian	0.000008
lhyan	0.000008
liahm	0.000008
lians	0.000008
lican	0.000008
lidon	0.000008
lien	0.000008
lienan	0.000008
lierssen	0.000008
liet	0.000008
lifkan	0.000008
lig	0.000008
ligkura	0.000008
lihans	0.000008
lihuen	0.000008
lilien	0.000008
linkoyam	0.000008
linxi	0.000008
lio	0.000008
lioney	0.000008
lionnel	0.000008
lisardo	0.000008
lissandro	0.000008
lito	0.000008
liyang	0.000008
lizandro	0.000008
lizardo	0.000008
ljuban	0.000008
ljudevit	0.000008
llanpier	0.000008
"llifkenñ"	0.000008
llufke	0.000008
llufken	0.000008
llyaro	0.000008
lo	0.000008
loam	0.000008
loang	0.000008
lobo	0.000008
locendi	0.000008
lois	0.000008
lois-ivan	0.000008
loockendy	0.000008
lorenco	0.000008
lorenso	0.000008
lorvens	0.000008
lothar	0.000008
louan	0.000008
loucas	0.000008
louie	0.000008
louvinsi	0.000008
lovens	0.000008
lovenson	0.000008
lowendy	0.000008
luam	0.000008
luanko	0.000008
lubben	0.000008
luben	0.000008
lucifer	0.000008
luckass	0.000008
lucknaison	0.000008
lucyano	0.000008
luen	0.000008
luhan	0.000008
luhy	0.000008
lui	0.000008
luiaan	0.000008
luiangel	0.000008
luiggi	0.000008
luis-mateo	0.000008
luisernesto	0.000008
luiyi	0.000008
lukaskenji	0.000008
lukens	0.000008
luo	0.000008
luziano	0.000008
lyams	0.000008
lyanc	0.000008
lyfko	0.000008
lyham	0.000008
lynce	0.000008
lysalder	0.000008
lyzander	0.000008
mabraq	0.000008
macdiel	0.000008
mackenley	0.000008
mackenzie	0.000008
mackenzy	0.000008
mackiel	0.000008
macky	0.000008
madensky	0.000008
madhava	0.000008
maelo	0.000008
maggadiel	0.000008
maglio	0.000008
magneli	0.000008
magno	0.000008
magnus	0.000008
maguelson	0.000008
maguin	0.000008
mahec	0.000008
mahikoll	0.000008
maico	0.000008
maikoll	0.000008
mairon	0.000008
maisbell	0.000008
maisson	0.000008
maitaki	0.000008
mak	0.000008
makin	0.000008
makley	0.000008
makohe	0.000008
maks	0.000008
malcom	0.000008
malki	0.000008
malvin	0.000008
mana	0.000008
manases	0.000008
manfred	0.000008
manfry	0.000008
mangel	0.000008
manghel	0.000008
mangin	0.000008
mankepura	0.000008
manoa	0.000008
manouk	0.000008
manuel-alejandro	0.000008
manutara	0.000008
maori	0.000008
marcell	0.000008
marcelle	0.000008
marchelo	0.000008
marco-ignacio	0.000008
marcuz	0.000008
marcxilyo	0.000008
mardochee	0.000008
marhlon	0.000008
marianno	0.000008
mariojesus	0.000008
marius	0.000008
markel	0.000008
maro	0.000008
marrinson	0.000008
martim	0.000008
martiniano	0.000008
marttyn	0.000008
marty	0.000008
maruccelli	0.000008
marun	0.000008
marvensley	0.000008
maswel	0.000008
matahiti	0.000008
matakau	0.000008
matariki	0.000008
mateo-alonso	0.000008
mathia	0.000008
mathiass	0.000008
mathiaz	0.000008
mathiu	0.000008
mathius	0.000008
matie	0.000008
matihas	0.000008
matiias	0.000008
matiux	0.000008
mattew	0.000008
matthaus	0.000008
mattheo	0.000008
matthews	0.000008
mattio	0.000008
mattiu	0.000008
matty	0.000008
mattyas	0.000008
maui	0.000008
mave	0.000008
mawun	0.000008
maxell	0.000008
maxence	0.000008
maxim	0.000008
maxime	0.000008
maximilano	0.000008
maximilien	0.000008
maximilliano	0.000008
maximino	0.000008
maximos	0.000008
maximuss	0.000008
maxmilian	0.000008
maxsimiliano	0.000008
maxwell	0.000008
maxximo	0.000008
maxymo	0.000008
maybru	0.000008
mayckol	0.000008
mayden	0.000008
maykell	0.000008
maykens	0.000008
maykool	0.000008
mayron	0.000008
mayson	0.000008
"mañil"	0.000008
"mañke"	0.000008
"mañkel"	0.000008
medjy	0.000008
meison	0.000008
melchor	0.000008
melik	0.000008
melquisedec	0.000008
melvis	0.000008
menashe	0.000008
menelik	0.000008
merlin	0.000008
meruem	0.000008
mesias	0.000008
messi	0.000008
mesut	0.000008
micael	0.000008
micaelo	0.000008
micah	0.000008
michaell	0.000008
michele	0.000008
michell	0.000008
midtsue	0.000008
miguelson	0.000008
mihai	0.000008
mijael	0.000008
mijair	0.000008
mijaly	0.000008
mijares	0.000008
mijhael	0.000008
mika	0.000008
milad	0.000008
milam	0.000008
milano	0.000008
milhan	0.000008
miliano	0.000008
miljenko	0.000008
milkom	0.000008
millantu	0.000008
millapangu	0.000008
millovan	0.000008
minelson	0.000008
ming	0.000008
mirco	0.000008
mirsael	0.000008
miru	0.000008
mirzon	0.000008
misahel	0.000008
mischael	0.000008
mishkan	0.000008
missael	0.000008
mitccio	0.000008
mitch	0.000008
mitchell	0.000008
mitchley	0.000008
miuller	0.000008
mizael	0.000008
mizahias	0.000008
mizhael	0.000008
mizrraim	0.000008
moana	0.000008
modeste	0.000008
mohamad	0.000008
moroni	0.000008
morventz	0.000008
morys	0.000008
moses	0.000008
moshe	0.000008
moussa	0.000008
murilo	0.000008
mustafa	0.000008
muth	0.000008
mykelby	0.000008
myker	0.000008
mylovan	0.000008
myson	0.000008
myvensky	0.000008
nabhi	0.000008
nabil	0.000008
nacor	0.000008
nacson	0.000008
nadaniel	0.000008
nadhiel	0.000008
nadiel	0.000008
naduan	0.000008
nafaan	0.000008
nagib	0.000008
naguib	0.000008
nahil	0.000008
nahim	0.000008
nahliel	0.000008
naidu	0.000008
naithan	0.000008
najim	0.000008
najman	0.000008
naldo	0.000008
nalu	0.000008
namir	0.000008
nandor	0.000008
naoto	0.000008
narciso	0.000008
nariman	0.000008
nataliel	0.000008
nathaliel	0.000008
nathalier	0.000008
nathuel	0.000008
natian	0.000008
natyan	0.000008
navensley	0.000008
navit	0.000008
nawell	0.000008
nay	0.000008
nayghel	0.000008
nayiv	0.000008
neal	0.000008
neathan	0.000008
necdet	0.000008
neel	0.000008
nehemia	0.000008
nehidan	0.000008
nehitan	0.000008
nehizan	0.000008
neicer	0.000008
neils	0.000008
neitan	0.000008
neldens	0.000008
nelkens	0.000008
nels	0.000008
nenero	0.000008
nereo	0.000008
nerio	0.000008
neron	0.000008
nervenjy	0.000008
nestha	0.000008
netanel	0.000008
neu	0.000008
nevin	0.000008
newel	0.000008
newelen	0.000008
newton	0.000008
ngarau	0.000008
nheitan	0.000008
nhicolas	0.000008
nian	0.000008
nickel	0.000008
nickolay	0.000008
nickos	0.000008
niclairson	0.000008
nico	0.000008
nicolau	0.000008
nicollas	0.000008
nicton	0.000008
niels	0.000008
nigel	0.000008
niguel	0.000008
nijatch	0.000008
nijhat	0.000008
nikita	0.000008
nikola-s	0.000008
nikolai	0.000008
nikolay	0.000008
nilan	0.000008
nils	0.000008
nilton	0.000008
nimai	0.000008
nimay	0.000008
nino	0.000008
niran	0.000008
nirek	0.000008
nissim	0.000008
nitay	0.000008
nithael	0.000008
nityanamndaram	0.000008
nivar	0.000008
noak	0.000008
noam	0.000008
noha	0.000008
nohi	0.000008
nolasko	0.000008
norberto	0.000008
nui	0.000008
nun	0.000008
nusret	0.000008
obed-edom	0.000008
obrayan	0.000008
octave	0.000008
odadlen	0.000008
odson	0.000008
okori	0.000008
olaf	0.000008
oleg	0.000008
oleguer	0.000008
oliverio	0.000008
olivie	0.000008
omer	0.000008
oneill	0.000008
orel	0.000008
orhiggens	0.000008
oriol	0.000008
orlander	0.000008
orlans	0.000008
orllens	0.000008
orly	0.000008
orohia	0.000008
orongo	0.000008
osias	0.000008
osiris	0.000008
oskar	0.000008
osmander	0.000008
osmar	0.000008
osseias	0.000008
osstin	0.000008
ossuan	0.000008
osthyn	0.000008
osttyn	0.000008
ostyn	0.000008
osvan	0.000008
osvanni	0.000008
osweld	0.000008
othoniel	0.000008
otto	0.000008
oustin	0.000008
ousttyn	0.000008
ower	0.000008
owuen	0.000008
"pa'omotu"	0.000008
pacxton	0.000008
pairon	0.000008
pandit	0.000008
pankar	0.000008
paskal	0.000008
paskual	0.000008
patric	0.000008
patrice	0.000008
patrisio	0.000008
pattrick	0.000008
pau	0.000008
paul-junior	0.000008
pavel	0.000008
pawllu	0.000008
pedro-pablo	0.000008
pehuen	0.000008
pelon-xarru	0.000008
percival	0.000008
pere	0.000008
perssy	0.000008
peterson	0.000008
petter	0.000008
pettry	0.000008
pewun	0.000008
peython	0.000008
pholl	0.000008
pierzon	0.000008
piiero	0.000008
po-liang	0.000008
poldi	0.000008
pramod	0.000008
prashast	0.000008
prosneldi	0.000008
prospero	0.000008
prostervenson	0.000008
pukem	0.000008
pulywen	0.000008
qalani	0.000008
qi	0.000008
qing	0.000008
quentin	0.000008
quetzal	0.000008
quidel	0.000008
rachy	0.000008
radamel	0.000008
rael	0.000008
rafaell	0.000008
rafeilyn	0.000008
raffaele	0.000008
ragnal	0.000008
rahian	0.000008
rai	0.000008
raimel	0.000008
raj	0.000008
ralf	0.000008
ralfh	0.000008
ramananda	0.000008
ramdhy	0.000008
ramonantonio	0.000008
ramsey	0.000008
ramys	0.000008
ramzzes	0.000008
rancel	0.000008
"randiño"	0.000008
rapa	0.000008
raraku	0.000008
raudel	0.000008
rauli	0.000008
ravi	0.000008
rayhan	0.000008
raymil	0.000008
raziel	0.000008
reesse	0.000008
reicon	0.000008
reidel	0.000008
reiner	0.000008
reinold	0.000008
relmu	0.000008
rember	0.000008
rennato	0.000008
reny	0.000008
reyden	0.000008
reykon	0.000008
reymi	0.000008
reynerio	0.000008
richar	0.000008
richmon	0.000008
ricky	0.000008
ridechasly	0.000008
rider	0.000008
riderson	0.000008
ridick	0.000008
rigoberto	0.000008
rihan	0.000008
rio	0.000008
risvan	0.000008
ritch	0.000008
rither	0.000008
rivaldo	0.000008
robens	0.000008
robiee	0.000008
robinzon	0.000008
rodbed	0.000008
roddy	0.000008
rodens	0.000008
rodman	0.000008
rodney	0.000008
rohi	0.000008
roky	0.000008
roldivens	0.000008
rolly	0.000008
"romaño"	0.000008
romer	0.000008
ronaldinho	0.000008
ronalson	0.000008
rony	0.000008
rooben	0.000008
rooby	0.000008
roodenky	0.000008
roodolph	0.000008
roosevelt	0.000008
rosiel	0.000008
roudley	0.000008
rouran	0.000008
roxe	0.000008
roy	0.000008
royehiro	0.000008
royner	0.000008
rubens	0.000008
rudensley	0.000008
ruderick	0.000008
rudolf	0.000008
rueben	0.000008
rufino	0.000008
rui	0.000008
ruixuan	0.000008
rushdier	0.000008
rustam	0.000008
rusten	0.000008
rusttenn	0.000008
ryann	0.000008
ryansky	0.000008
ryder	0.000008
ryu	0.000008
ryunosuke	0.000008
ryyan	0.000008
saaid	0.000008
sabdiel	0.000008
sachio	0.000008
sadat	0.000008
sadbiel	0.000008
sadoc	0.000008
sadrath	0.000008
saef	0.000008
sahim	0.000008
sahin	0.000008
sahir	0.000008
sahymon	0.000008
saieel	0.000008
saimon	0.000008
sair	0.000008
saladino	0.000008
salohiddin	0.000008
samer	0.000008
sami	0.000008
samiel	0.000008
sammy	0.000008
sammyr	0.000008
samnaider	0.000008
samuerito	0.000008
sander	0.000008
sandino	0.000008
sandjy	0.000008
sandor	0.000008
sandrino	0.000008
sanelson	0.000008
sanim	0.000008
sanson	0.000008
santhi	0.000008
santhiago	0.000008
santhy	0.000008
santis	0.000008
santiz	0.000008
santtino	0.000008
saoul	0.000008
sasha	0.000008
savy	0.000008
sayan	0.000008
sayd	0.000008
sayri	0.000008
scanodjy	0.000008
scarphendjy	0.000008
schedly	0.000008
schnayder	0.000008
schneider	0.000008
schneyder	0.000008
schweitzer	0.000008
scott	0.000008
sealtiel	0.000008
sebastiano	0.000008
sebasttian	0.000008
sedderick	0.000008
segismundo	0.000008
seiji	0.000008
sein	0.000008
selin	0.000008
sephiro	0.000008
serghio	0.000008
severino	0.000008
seymar	0.000008
shaggy	0.000008
shaiel	0.000008
shamael	0.000008
shamuel	0.000008
shang	0.000008
shapura	0.000008
sharik	0.000008
shawn	0.000008
sheilo	0.000008
shellton	0.000008
sherby	0.000008
shi	0.000008
shimon	0.000008
shmuel	0.000008
shnaider	0.000008
"shoomen'sky"	0.000008
shudensky	0.000008
shun	0.000008
siedfred	0.000008
silvan	0.000008
silvino	0.000008
simone	0.000008
sion	0.000008
siran	0.000008
sithiel	0.000008
sixnaider	0.000008
skandar	0.000008
skenny	0.000008
skyler	0.000008
slayan	0.000008
sloan	0.000008
slovens	0.000008
smack	0.000008
smiljan	0.000008
smy-ley	0.000008
smyrthon	0.000008
snaider	0.000008
snayder	0.000008
sneyder	0.000008
soner	0.000008
sonties	0.000008
soothensky	0.000008
soriel	0.000008
sown	0.000008
sphencer	0.000008
spir	0.000008
stalin	0.000008
stayler	0.000008
steeven	0.000008
stef	0.000008
stefanos	0.000008
stelios	0.000008
sterling	0.000008
stevan	0.000008
stheban	0.000008
stheffano	0.000008
stheven	0.000008
stiben	0.000008
stiff	0.000008
stipe	0.000008
stivens	0.000008
stjepan	0.000008
strood	0.000008
sttefano	0.000008
sundar	0.000008
sveinn	0.000008
sven	0.000008
swaguer	0.000008
symon	0.000008
szymon	0.000008
"s´teffano"	0.000008
taddeo	0.000008
tadeusz	0.000008
tahir	0.000008
tahonga	0.000008
tahyson	0.000008
taichi	0.000008
takechi	0.000008
takeru	0.000008
talier	0.000008
talion	0.000008
tama	0.000008
tangaroa	0.000008
tano	0.000008
tareq	0.000008
tarzan	0.000008
tave	0.000008
tayel	0.000008
te	0.000008
teamaiteata	0.000008
tedian	0.000008
tehira	0.000008
teikitohe	0.000008
tejo	0.000008
telmo	0.000008
temaukel	0.000008
temistocle	0.000008
teofilo	0.000008
terran	0.000008
teylor	0.000008
thakeo	0.000008
thales	0.000008
thaliel	0.000008
thaniel	0.000008
thaylor	0.000008
thayron	0.000008
theodor	0.000008
theyron	0.000008
thierry	0.000008
thobias	0.000008
thommas	0.000008
thommy	0.000008
thoomas	0.000008
thor	0.000008
thory	0.000008
thristann	0.000008
thyler	0.000008
thyron	0.000008
tiaan	0.000008
ticiano	0.000008
tier	0.000008
tiffon	0.000008
tiger	0.000008
tim	0.000008
timoty	0.000008
tirsen	0.000008
tomasdavid	0.000008
tomislav	0.000008
tommas	0.000008
tommy-lee	0.000008
tony	0.000008
toribio	0.000008
toru	0.000008
trevor	0.000008
tribran	0.000008
trigve	0.000008
tupaq	0.000008
tyson	0.000008
tzadok	0.000008
ulfur	0.000008
ullmen	0.000008
ulysse	0.000008
uranga	0.000008
urano	0.000008
urbano	0.000008
uru	0.000008
uvensky	0.000008
vadhir	0.000008
valender	0.000008
"valentin's"	0.000008
valentino-ioan	0.000008
valenttino	0.000008
valjean	0.000008
vanes	0.000008
vantiel	0.000008
vareck	0.000008
varlens	0.000008
vasko	0.000008
velkan	0.000008
veltman	0.000008
venjamin	0.000008
venyamin	0.000008
verin	0.000008
veryck	0.000008
vicenthe	0.000008
vicenzo	0.000008
vichenzzo	0.000008
victor-hugo	0.000008
victor-manuel	0.000008
victoriano	0.000008
victorino	0.000008
victormanuel	0.000008
vidal	0.000008
viker	0.000008
vin	0.000008
vincenth	0.000008
vincer	0.000008
vinchenzo	0.000008
vinicius	0.000008
vitalik	0.000008
vitomir	0.000008
vitto	0.000008
vivaan	0.000008
vladimirth	0.000008
volodya	0.000008
vranco	0.000008
vranko	0.000008
wagner	0.000008
waheguru	0.000008
waldemar	0.000008
walensky	0.000008
wali	0.000008
waltter	0.000008
washington	0.000008
wayath	0.000008
weed	0.000008
wei	0.000008
weiqi	0.000008
welinson	0.000008
wenchy	0.000008
wender	0.000008
wendy	0.000008
wens-ley	0.000008
wensley	0.000008
wensui	0.000008
wesley	0.000008
westanley	0.000008
weyner	0.000008
whilder	0.000008
wiatt	0.000008
widkenley	0.000008
widmarc	0.000008
wigender	0.000008
wilanovic	0.000008
wilbensley	0.000008
wilbert	0.000008
wilder	0.000008
wildetelor	0.000008
wildin	0.000008
wilhelm	0.000008
wiliam	0.000008
will	0.000008
willem	0.000008
williamson	0.000008
willmar	0.000008
willyam	0.000008
willyams	0.000008
wilman	0.000008
wimi	0.000008
winder	0.000008
winet	0.000008
winfried	0.000008
winston	0.000008
wisberman	0.000008
wisley	0.000008
wisly	0.000008
wiston	0.000008
wolfgang	0.000008
wolphquinley	0.000008
wonder	0.000008
wood-daily	0.000008
woodensky	0.000008
woodley	0.000008
woodly	0.000008
woodsonley	0.000008
woodvensley	0.000008
wuben	0.000008
wuenewen	0.000008
wuilliams	0.000008
wuillian	0.000008
wyatt	0.000008
wylliam	0.000008
wylliams	0.000008
xabier	0.000008
xadiel	0.000008
xeyco	0.000008
xi	0.000008
xing	0.000008
xiomar	0.000008
xuan	0.000008
xuhan	0.000008
yadder	0.000008
yadens	0.000008
yadrier	0.000008
yaguati	0.000008
yahidem	0.000008
yaiden	0.000008
yail	0.000008
yairon	0.000008
yais	0.000008
yajdiel	0.000008
yaku	0.000008
yalen	0.000008
yamam	0.000008
yamel	0.000008
yamill	0.000008
yamphier	0.000008
yampol	0.000008
yanaro	0.000008
yancky	0.000008
yandary	0.000008
yandel	0.000008
yane	0.000008
yanereth	0.000008
yanier	0.000008
yannick	0.000008
yanpol	0.000008
yans	0.000008
yaosen	0.000008
yarahe	0.000008
yaramir	0.000008
yared	0.000008
yaref	0.000008
yarel	0.000008
yaret	0.000008
yareth	0.000008
yarhens	0.000008
yaro	0.000008
yaron	0.000008
yashirs	0.000008
yasid	0.000008
yasmir	0.000008
yassell	0.000008
yassim	0.000008
yassit	0.000008
yastin	0.000008
yatiri	0.000008
yaviell	0.000008
yavit	0.000008
yazhiel	0.000008
yazid	0.000008
yazier	0.000008
yazkin	0.000008
yefersson	0.000008
yefferson	0.000008
yefrid	0.000008
yehoshafat	0.000008
yehoshua	0.000008
yehrai	0.000008
yehuda	0.000008
yeibrayn	0.000008
yeicko	0.000008
yeickol	0.000008
yeico	0.000008
yeicoff	0.000008
yeicol	0.000008
yeicott	0.000008
yeicov	0.000008
yeikob	0.000008
yeikol	0.000008
yeiman	0.000008
yeismar	0.000008
yeisson	0.000008
yeitan	0.000008
yelkin	0.000008
yeltsin	0.000008
yendri	0.000008
yenier	0.000008
yennaro	0.000008
yeralds	0.000008
yeralt	0.000008
yered	0.000008
yerel	0.000008
yerem	0.000008
yeremias	0.000008
yeremick	0.000008
yerhom	0.000008
yerick	0.000008
yerico	0.000008
yeriel	0.000008
yeriko	0.000008
yerimy	0.000008
yerjan	0.000008
yeron	0.000008
"yeron's"	0.000008
yesmain	0.000008
yestin	0.000008
yethro	0.000008
yetzahel	0.000008
yeyden	0.000008
yeyson	0.000008
yhaam	0.000008
yhail	0.000008
yhamir	0.000008
yhan	0.000008
yhefri	0.000008
yheidan	0.000008
yheik	0.000008
yherai	0.000008
yherald	0.000008
yheyson	0.000008
yhoan	0.000008
yhojan	0.000008
yhordham	0.000008
yhotuel	0.000008
yhsan	0.000008
yian	0.000008
yiandre	0.000008
yibran	0.000008
yilmer	0.000008
yilson	0.000008
yilver	0.000008
yimer	0.000008
yinsen	0.000008
yiovanni	0.000008
yiuzeb	0.000008
yker	0.000008
ylan	0.000008
yldji	0.000008
ylian	0.000008
yoab	0.000008
yoangel	0.000008
yoann	0.000008
yoarith	0.000008
yobanny	0.000008
yobany	0.000008
yochua	0.000008
yochuar	0.000008
yociel	0.000008
yoemir	0.000008
yofran	0.000008
yoham	0.000008
yohander	0.000008
yohann	0.000008
yohary	0.000008
yohel	0.000008
yohicel	0.000008
yohn	0.000008
yohordan	0.000008
yokeeb	0.000008
yonabeth	0.000008
yonattan	0.000008
yonelkiss	0.000008
yongjun	0.000008
yonhy	0.000008
yoni	0.000008
yonias	0.000008
yonkelis	0.000008
yonny	0.000008
yoodley	0.000008
yorda	0.000008
yorel	0.000008
yorgos	0.000008
yoric	0.000008
yoriel	0.000008
"york's"	0.000008
yoseff	0.000008
yoseth	0.000008
yoshuha	0.000008
yosthin	0.000008
yotham	0.000008
youbentzly	0.000008
youssef	0.000008
ysaias	0.000008
ysan	0.000008
ysmael	0.000008
ytham	0.000008
yuan	0.000008
yuangel	0.000008
yullian	0.000008
yuniber	0.000008
yuniel	0.000008
yunior	0.000008
yuoseph	0.000008
yuri	0.000008
yury	0.000008
yusei	0.000008
yuseppe	0.000008
yuvani	0.000008
yvelson	0.000008
yvens	0.000008
yves	0.000008
yves-bensley	0.000008
yvesatho	0.000008
yvolens	0.000008
zacaria	0.000008
zack	0.000008
zadic	0.000008
zahel	0.000008
zahid	0.000008
zahiron	0.000008
zahmir	0.000008
zaidt	0.000008
zairh	0.000008
zait	0.000008
zamhir	0.000008
zamiel	0.000008
zankovanc	0.000008
zannian	0.000008
zarko	0.000008
zayn	0.000008
zein	0.000008
zelig	0.000008
zemyl	0.000008
zeynel	0.000008
zhair	0.000008
zhander	0.000008
zharel	0.000008
zheng	0.000008
zhiliang	0.000008
zhiyi	0.000008
zhiyony	0.000008
zhuocheng	0.000008
zidane	0.000008
ziggy	0.000008
zihao	0.000008
zihuan	0.000008
zijie	0.000008
zijun	0.000008
zile	0.000008
zixuan	0.000008
zlatan	0.000008
zoe	0.000008
zvonimir	0.000008
zyan	0.000008
